City_ID,City,Lat,Lng,Max Temp,Humidity,Cloudiness,Wind Speed,Country,Description
0,Albany,42.6001,-73.9662,62.28,76,97,1.01,US,overcast clouds
1,Whittlesea,-32.1759,26.8244,69.8,41,57,11.05,ZA,broken clouds
2,Burshtyn,49.2587,24.6278,53.13,80,100,6.44,UA,light rain
3,Thompson,55.7435,-97.8558,48.36,53,75,14.97,CA,broken clouds
4,Puerto Ayora,-0.7393,-90.3518,75.16,91,100,8.99,EC,overcast clouds
5,Kaoma,-14.7833,24.8,77.02,25,59,5.91,ZM,broken clouds
6,Resplendor,-19.3256,-41.2553,87.08,38,57,10.51,BR,broken clouds
7,Norman Wells,65.282,-126.8329,39.24,87,20,6.91,CA,few clouds
8,Mataura,-46.1927,168.8643,49.48,99,100,1.19,NZ,overcast clouds
9,Uyuni,-20.4597,-66.825,50.83,7,24,21.03,BO,few clouds
10,Nkayi,-4.1841,13.2884,84.25,55,99,2.62,CG,light rain
11,Punta Arenas,-53.15,-70.9167,46.51,61,75,17.27,CL,broken clouds
12,Sibolga,1.7427,98.7792,76.69,86,96,3.62,ID,overcast clouds
13,Upernavik,72.7868,-56.1549,33.89,68,100,8.39,GL,overcast clouds
14,Iqaluit,63.7506,-68.5145,35.33,87,75,5.75,CA,broken clouds
15,Lavrentiya,65.5833,-171.0,36.23,82,100,8.81,RU,overcast clouds
16,Vaini,-21.2,-175.2,69.96,100,75,4.61,TO,broken clouds
17,Rikitea,-23.1203,-134.9692,68.16,60,6,17.81,PF,clear sky
18,Busselton,-33.65,115.3333,50.25,83,1,5.46,AU,clear sky
19,Souillac,-20.5167,57.5167,71.98,73,40,12.66,MU,scattered clouds
20,Pecos,31.4229,-103.4932,86.83,39,75,0.0,US,broken clouds
21,Makakilo City,21.3469,-158.0858,79.68,74,0,3.44,US,clear sky
22,Port Elizabeth,-33.918,25.5701,62.89,83,0,14.97,ZA,clear sky
23,Pahrump,36.2083,-115.9839,91.45,18,0,1.99,US,clear sky
24,Butaritari,3.0707,172.7902,80.92,71,2,11.43,KI,clear sky
25,Longyearbyen,78.2186,15.6401,44.44,76,75,14.97,SJ,light rain
26,San Quintin,30.4833,-115.95,78.28,66,0,10.0,MX,clear sky
27,Uchaly,54.2996,59.4521,53.56,85,100,8.28,RU,overcast clouds
28,Vao,-22.6667,167.4833,73.15,83,0,11.3,NC,clear sky
29,East London,-33.0153,27.9116,63.54,82,20,12.66,ZA,few clouds
30,Plettenberg Bay,-34.0527,23.3716,60.49,88,97,6.04,ZA,overcast clouds
31,Yellowknife,62.456,-114.3525,45.12,76,75,16.11,CA,light rain
32,Chokurdakh,70.6333,147.9167,30.04,82,99,9.48,RU,overcast clouds
33,Ayan,56.45,138.1667,43.79,82,100,4.94,RU,overcast clouds
34,Flinders,-34.5833,150.8552,49.37,87,51,1.99,AU,broken clouds
35,La Ronge,55.1001,-105.2842,59.22,44,75,4.61,CA,broken clouds
36,Airai,-8.9266,125.4092,58.28,71,44,2.21,TL,scattered clouds
37,Cherskiy,68.75,161.3,25.83,84,93,3.94,RU,overcast clouds
38,Cape Town,-33.9258,18.4232,61.12,82,20,3.44,ZA,few clouds
39,Bethel,41.3712,-73.414,72.52,70,75,6.91,US,broken clouds
40,Tiznit,29.5833,-9.5,69.69,79,100,5.5,MA,overcast clouds
41,Bluff,-46.6,168.3333,49.8,91,98,2.86,NZ,overcast clouds
42,Mpika,-11.8343,31.4529,68.63,43,49,9.04,ZM,scattered clouds
43,New Norfolk,-42.7826,147.0587,47.71,79,48,1.99,AU,scattered clouds
44,Hermanus,-34.4187,19.2345,59.81,84,100,5.19,ZA,overcast clouds
45,Cabo San Lucas,22.8909,-109.9124,92.5,62,0,2.3,MX,clear sky
46,Bull Savanna,17.8868,-77.5902,78.06,85,100,17.0,JM,overcast clouds
47,Hay River,60.8156,-115.7999,49.96,53,75,3.44,CA,broken clouds
48,Kaitangata,-46.2817,169.8464,47.3,94,100,3.18,NZ,overcast clouds
49,Ushuaia,-54.8,-68.3,47.86,49,40,12.66,AR,scattered clouds
50,Chuy,-33.6971,-53.4616,63.32,61,85,13.98,UY,overcast clouds
51,Rawson,-43.3002,-65.1023,60.82,51,87,17.94,AR,overcast clouds
52,Bitkine,11.9801,18.2138,81.64,69,49,6.51,TD,scattered clouds
53,Minot,48.2325,-101.2963,64.62,34,0,18.41,US,clear sky
54,Kyra,49.5776,111.9753,35.24,59,97,1.05,RU,overcast clouds
55,Aksha,50.2814,113.2867,37.11,72,100,2.26,RU,overcast clouds
56,Padang,-0.9492,100.3543,77.47,85,90,2.95,ID,moderate rain
57,Dunedin,-45.8742,170.5036,48.79,86,100,1.01,NZ,overcast clouds
58,Codrington,-38.2667,141.9667,50.5,94,100,4.21,AU,moderate rain
59,Dikson,73.5069,80.5464,32.36,86,100,18.5,RU,overcast clouds
60,Mantua,45.1667,10.7833,65.01,86,98,1.99,IT,overcast clouds
61,San Patricio,28.017,-97.5169,90.07,46,17,7.29,US,few clouds
62,Goderich,43.7501,-81.7165,62.91,82,99,10.36,CA,overcast clouds
63,Sitka,57.0531,-135.33,53.49,100,100,4.61,US,overcast clouds
64,Banjarmasin,-3.3244,114.591,75.34,94,72,2.89,ID,broken clouds
65,Faanui,-16.4833,-151.75,77.92,76,17,19.69,PF,few clouds
66,Khatanga,71.9667,102.5,27.25,98,100,8.68,RU,light snow
67,Port Alfred,-33.5906,26.891,62.19,76,76,5.01,ZA,broken clouds
68,Hobart,-42.8794,147.3294,48.06,83,100,12.66,AU,overcast clouds
69,Torbay,47.6666,-52.7314,59.58,81,100,13.8,CA,light intensity shower rain
70,Mar Del Plata,-38.0023,-57.5575,60.82,78,0,13.8,AR,clear sky
71,Le Moule,16.3332,-61.3473,86.04,100,53,5.99,GP,broken clouds
72,Belmonte,-15.8631,-38.8828,73.6,92,86,11.39,BR,overcast clouds
73,Maniitsoq,65.4167,-52.9,43.54,55,100,6.73,GL,overcast clouds
74,Talaya,61.3833,152.75,22.48,96,100,3.18,RU,overcast clouds
75,Sao Felix Do Xingu,-6.6447,-51.995,83.7,60,57,5.08,BR,moderate rain
76,Pisco,-13.7,-76.2167,71.65,49,20,26.46,PE,dust
77,Beringovskiy,63.05,179.3167,33.15,60,19,10.67,RU,few clouds
78,Qaanaaq,77.484,-69.3632,31.84,74,100,13.89,GL,overcast clouds
79,Atuona,-9.8,-139.0333,76.71,73,68,19.73,PF,broken clouds
80,Pevek,69.7008,170.3133,28.83,75,21,4.79,RU,few clouds
81,Namibe,-15.1961,12.1522,64.58,83,77,9.86,AO,broken clouds
82,Georgetown,5.4112,100.3354,79.9,86,20,0.0,MY,few clouds
83,Bambanglipuro,-7.95,110.2833,76.33,87,49,8.55,ID,scattered clouds
84,Guerrero Negro,27.9769,-114.0611,79.25,67,1,10.22,MX,clear sky
85,Huambo,-12.7761,15.7392,72.1,50,73,6.55,AO,broken clouds
86,Tuktoyaktuk,69.4541,-133.0374,32.0,80,100,10.36,CA,light snow
87,Hasaki,35.7333,140.8333,63.28,88,100,18.77,JP,overcast clouds
88,La Macarena,2.1837,-73.7849,91.0,43,100,3.22,CO,overcast clouds
89,Esperance,-33.8667,121.9,55.13,78,37,10.04,AU,scattered clouds
90,Lasa,46.6166,10.7002,51.37,90,83,2.68,IT,broken clouds
91,Chegdomyn,51.1167,133.0167,50.95,88,94,5.95,RU,overcast clouds
92,Dryden,49.7833,-92.7503,55.69,67,75,19.57,CA,broken clouds
93,Alghero,40.5589,8.3181,71.69,83,40,3.44,IT,scattered clouds
94,Qaqortoq,60.7167,-46.0333,54.57,65,53,2.75,GL,broken clouds
95,Quimper,48.0,-4.1,57.78,67,0,5.75,FR,clear sky
96,Tateyama,34.9833,139.8667,68.09,83,26,8.32,JP,scattered clouds
97,Lata,40.1629,-8.3327,70.92,45,27,6.02,PT,scattered clouds
98,Provideniya,64.3833,-173.3,35.64,77,76,5.48,RU,broken clouds
99,Rio Gallegos,-51.6226,-69.2181,57.25,23,75,23.02,AR,broken clouds
100,Kawambwa,-9.7915,29.0791,76.06,31,50,3.29,ZM,scattered clouds
101,Lebu,-37.6167,-73.65,53.38,63,6,7.36,CL,clear sky
102,Porto Santo,33.072,-16.3415,71.98,60,20,11.5,PT,few clouds
103,Kettering,39.6895,-84.1688,71.76,60,100,17.27,US,overcast clouds
104,Sechura,-5.5569,-80.8222,74.93,54,98,14.43,PE,overcast clouds
105,Nanortalik,60.1432,-45.2371,55.42,82,72,16.82,GL,light rain
106,Touros,-5.1989,-35.4608,83.55,57,0,15.26,BR,clear sky
107,Kemi,65.8596,24.8228,46.17,71,75,3.44,FI,broken clouds
108,Jutai,-5.1833,-68.9,92.39,44,81,3.04,BR,broken clouds
109,Birao,10.2849,22.7882,78.46,74,51,4.74,CF,broken clouds
110,Smithers,54.7804,-127.1743,53.92,87,100,2.3,CA,light rain
111,Kodiak,57.79,-152.4072,42.31,87,20,0.0,US,few clouds
112,Nikolskoye,59.7035,30.7861,48.09,97,100,2.24,RU,overcast clouds
113,Arraial Do Cabo,-22.9661,-42.0278,73.36,68,75,12.66,BR,broken clouds
114,Mezen,65.8522,44.24,38.01,75,56,8.84,RU,broken clouds
115,Sri Aman,1.2376,111.4621,75.25,94,99,4.61,MY,overcast clouds
116,Nemuro,43.3236,145.575,61.83,81,97,4.63,JP,overcast clouds
117,Ponta Do Sol,32.6667,-17.1,74.03,74,61,9.53,PT,broken clouds
118,Pedasi,7.5333,-80.0333,84.07,77,66,14.0,PA,broken clouds
119,Fort Nelson,58.8053,-122.7002,45.99,66,100,0.0,CA,overcast clouds
120,Comodoro Rivadavia,-45.8667,-67.5,62.46,31,0,16.11,AR,clear sky
121,Bredasdorp,-34.5322,20.0403,55.2,91,99,2.68,ZA,overcast clouds
122,Uporovo,56.3109,66.2693,44.55,71,100,13.42,RU,light rain
123,Daryapur,20.9333,77.3333,76.14,83,56,3.44,IN,broken clouds
124,Victoria,22.2855,114.1577,83.32,79,22,5.01,HK,few clouds
125,Tasiilaq,65.6145,-37.6368,51.96,55,42,7.0,GL,scattered clouds
126,Saint-Philippe,-21.3585,55.7679,69.39,83,36,14.03,RE,scattered clouds
127,Naryan-Mar,67.6713,53.087,32.54,69,100,11.59,RU,overcast clouds
128,Kandi,11.1342,2.9386,80.1,77,33,2.98,BJ,scattered clouds
129,Redmond,47.674,-122.1215,71.58,68,69,1.01,US,broken clouds
130,Castro,-24.7911,-50.0119,60.6,63,98,7.49,BR,overcast clouds
131,Cavalcante,-13.7975,-47.4583,69.85,86,100,2.57,BR,overcast clouds
132,Ostrovnoy,68.0531,39.5131,43.25,75,100,10.31,RU,overcast clouds
133,Hami,42.8,93.45,72.23,15,0,7.72,CN,clear sky
134,Bambous Virieux,-20.3428,57.7575,71.85,73,40,12.66,MU,scattered clouds
135,Turukhansk,65.8167,87.9833,28.2,97,100,3.69,RU,overcast clouds
136,Asau,46.4333,26.4,58.28,64,69,3.8,RO,broken clouds
137,Olafsvik,64.8945,-23.7142,47.53,68,5,11.9,IS,clear sky
138,Lincoln,40.8,-96.667,79.14,35,0,21.85,US,clear sky
139,Kupang,-10.1667,123.5833,77.77,82,77,5.35,ID,broken clouds
140,Verkhoyansk,67.5447,133.385,31.08,66,100,2.8,RU,overcast clouds
141,Appleton,44.2619,-88.4154,63.19,68,75,13.8,US,broken clouds
142,Beloha,-25.1667,45.05,77.5,45,0,10.22,MG,clear sky
143,Kapaa,22.0752,-159.319,80.58,89,20,8.05,US,light rain
144,Ancud,-41.8697,-73.8203,48.22,76,75,19.01,CL,broken clouds
145,Fairbanks,64.8378,-147.7164,44.82,78,0,4.61,US,clear sky
146,Luena,-11.7833,19.9167,71.6,44,99,3.49,AO,overcast clouds
147,Barrow,71.2906,-156.7887,30.22,86,100,16.11,US,overcast clouds
148,Kloulklubed,7.0419,134.2556,77.5,74,100,1.68,PW,light rain
149,Severo-Kurilsk,50.6789,156.125,50.49,90,97,18.9,RU,overcast clouds
150,Hithadhoo,-0.6,73.0833,78.39,83,100,17.13,MV,overcast clouds
151,Lompoc,34.6391,-120.4579,73.54,81,40,8.05,US,scattered clouds
152,Mugur-Aksy,50.35,90.5,46.72,47,90,5.97,RU,overcast clouds
153,Mareeba,-17.0,145.4333,68.72,96,36,3.51,AU,scattered clouds
154,Avarua,-21.2078,-159.775,77.05,73,20,14.97,CK,few clouds
155,Kapustin Yar,48.5831,45.7372,54.84,63,100,13.8,RU,overcast clouds
156,Hofn,64.2539,-15.2082,43.83,53,13,18.19,IS,few clouds
157,Yar-Sale,66.8333,70.8333,28.74,88,41,11.99,RU,scattered clouds
158,Tygda,53.1167,126.3333,38.23,97,97,8.28,RU,light rain
159,Saldanha,-33.0117,17.9442,59.05,84,100,4.79,ZA,overcast clouds
160,Mildura,-34.2,142.15,56.07,88,100,1.83,AU,light rain
161,Kahului,20.8947,-156.47,82.85,69,0,4.0,US,clear sky
162,Hauterive,46.0901,3.4459,57.96,93,70,3.15,FR,broken clouds
163,Manaus,-3.1019,-60.025,95.5,46,40,6.91,BR,scattered clouds
164,Biltine,14.5333,20.9167,92.48,22,44,4.94,TD,scattered clouds
165,Rawah,34.4816,41.9093,79.02,21,0,10.76,IQ,clear sky
166,Tura,25.5198,90.2201,72.57,95,100,3.38,IN,overcast clouds
167,Micheweni,-4.9667,39.8333,75.6,88,77,13.27,TZ,broken clouds
168,Hamilton,39.1834,-84.5333,75.2,55,40,16.11,US,scattered clouds
169,Camana,-16.6228,-72.7111,66.06,71,28,12.5,PE,scattered clouds
170,Revda,56.801,59.9303,39.99,92,100,15.99,RU,moderate rain
171,Saint John,45.2727,-66.0677,63.63,59,75,18.41,CA,broken clouds
172,Ibra,22.6906,58.5334,84.81,47,53,7.16,OM,broken clouds
173,Selenduma,50.9131,106.2406,41.5,84,72,7.94,RU,broken clouds
174,Saskylakh,71.9167,114.0833,30.61,85,100,15.3,RU,overcast clouds
175,Tonantins,-2.8731,-67.8022,93.99,43,80,1.59,BR,broken clouds
176,Bandarbeyla,9.4942,50.8122,77.52,84,35,24.52,SO,scattered clouds
177,Narsaq,60.9167,-46.05,50.22,63,58,4.54,GL,broken clouds
178,Kavaratti,10.5669,72.642,81.82,76,18,14.29,IN,few clouds
179,Pochutla,15.7432,-96.4661,87.62,77,100,3.42,MX,overcast clouds
180,Pala,9.3642,14.9046,74.17,85,88,4.16,TD,overcast clouds
181,Whitehorse,60.7161,-135.0538,47.17,71,75,16.11,CA,broken clouds
182,Carnarvon,-24.8667,113.6333,63.97,57,0,25.14,AU,clear sky
183,Pitimbu,-7.4706,-34.8086,82.99,64,8,15.19,BR,clear sky
184,Kumasi,6.6885,-1.6244,73.45,94,89,3.53,GH,moderate rain
185,Saint Anthony,45.0205,-93.218,69.89,47,0,26.46,US,clear sky
186,Klaksvik,62.2266,-6.589,45.52,75,60,40.04,FO,broken clouds
187,Nouakchott,18.0858,-15.9785,85.93,78,77,12.84,MR,broken clouds
188,La Peca,-5.6111,-78.435,86.56,46,72,4.63,PE,light rain
189,Margate,51.3813,1.3862,56.88,59,82,1.01,GB,broken clouds
190,Sabha,27.0377,14.4283,87.53,27,2,10.36,LY,clear sky
191,Jamestown,42.097,-79.2353,61.02,76,100,12.66,US,overcast clouds
192,Mount Gambier,-37.8333,140.7667,48.85,96,100,3.22,AU,overcast clouds
193,Svetlyy,54.675,20.1347,50.97,69,94,3.74,RU,overcast clouds
194,Alice Springs,-23.7,133.8833,73.22,23,40,4.61,AU,scattered clouds
195,Anchorage,61.2181,-149.9003,50.63,84,75,11.5,US,broken clouds
196,Lazaro Cardenas,17.9583,-102.2,85.12,71,75,3.71,MX,broken clouds
197,Ca Mau,9.1769,105.15,78.22,82,100,1.01,VN,overcast clouds
198,Subate,56.0062,25.9076,49.17,73,100,4.09,LV,overcast clouds
199,Ozernovskiy,51.5,156.5167,50.18,94,100,18.19,RU,light rain
200,Ornskoldsvik,63.2909,18.7153,52.75,100,100,8.05,SE,overcast clouds
201,Petatlan,17.5167,-101.2667,87.6,64,77,4.76,MX,broken clouds
202,Fortuna,40.5982,-124.1573,59.34,43,0,3.89,US,clear sky
203,Mahebourg,-20.4081,57.7,71.89,73,40,12.66,MU,scattered clouds
204,Sambava,-14.2667,50.1667,70.09,85,0,12.46,MG,clear sky
205,San Juan,-31.5375,-68.5364,69.1,27,18,8.37,AR,few clouds
206,Port Hardy,50.6996,-127.4199,51.98,100,100,3.44,CA,fog
207,Dwarka,22.2394,68.9678,81.63,69,84,9.57,IN,broken clouds
208,Paamiut,61.994,-49.6678,46.33,99,100,13.13,GL,moderate rain
209,Zhigansk,66.7697,123.3711,30.22,94,100,7.45,RU,light snow
210,Sheregesh,52.9209,87.9869,52.83,79,100,7.11,RU,overcast clouds
211,Zhicheng,30.2956,111.5047,62.65,90,0,3.09,CN,clear sky
212,Tuatapere,-46.1333,167.6833,47.66,95,94,3.22,NZ,overcast clouds
213,Santa Vitoria Do Palmar,-33.5189,-53.3681,64.08,62,86,14.27,BR,overcast clouds
214,Bathsheba,13.2167,-59.5167,86.61,74,40,16.11,BB,scattered clouds
215,Tanda,26.55,82.65,78.78,86,100,2.98,IN,overcast clouds
216,Havre-Saint-Pierre,50.2334,-63.5986,52.16,66,75,20.71,CA,broken clouds
217,Henties Bay,-22.116,14.2845,56.8,83,66,7.34,NA,broken clouds
218,Kavieng,-2.5744,150.7967,81.43,75,4,10.02,PG,light rain
219,Brae,60.3964,-1.353,50.99,73,72,25.05,GB,broken clouds
220,Sola,-13.8833,167.55,80.1,79,19,10.98,VU,few clouds
221,Kiunga,-6.1219,141.2906,72.7,100,89,1.95,PG,overcast clouds
222,Vestmannaeyjar,63.4427,-20.2734,47.39,71,0,25.32,IS,clear sky
223,Egvekinot,66.3167,-179.1667,24.85,68,73,13.06,RU,broken clouds
224,Puerto Palomas,31.7667,-107.6167,86.31,22,26,9.33,MX,scattered clouds
225,Ballina,-28.8667,153.5667,59.02,99,60,4.36,AU,broken clouds
226,Ilave,-16.0833,-69.6667,59.09,17,100,14.9,PE,overcast clouds
227,Ulaanbaatar,47.9077,106.8832,30.33,80,0,2.24,MN,clear sky
228,Maine-Soroa,13.2114,12.0241,92.34,32,17,2.73,NE,few clouds
229,Curvelo,-18.7564,-44.4308,92.01,26,74,3.13,BR,broken clouds
230,Vila Franca Do Campo,37.7167,-25.4333,75.2,75,46,13.8,PT,scattered clouds
231,Orange,33.7,-117.7675,97.23,46,20,1.99,US,few clouds
232,San Jeronimo,-11.9472,-75.2829,63.34,38,42,3.09,PE,scattered clouds
233,Izvor,42.2039,21.5783,59.43,43,95,1.79,MK,overcast clouds
234,Cidreira,-30.1811,-50.2056,63.37,84,100,18.3,BR,overcast clouds
235,Oriximina,-1.7656,-55.8661,98.11,27,68,7.18,BR,broken clouds
236,Aklavik,68.2191,-135.0107,35.6,100,100,4.61,CA,light intensity drizzle
237,Felipe Carrillo Puerto,19.5833,-88.05,91.92,48,28,4.41,MX,scattered clouds
238,Hilo,19.7297,-155.09,80.62,86,100,5.99,US,overcast clouds
239,Ahipara,-35.1667,173.1667,57.22,88,79,10.83,NZ,broken clouds
240,Dalbandin,28.8947,64.4101,79.68,8,0,4.32,PK,clear sky
241,Oktyabrskiy,54.4815,53.471,48.56,88,100,9.6,RU,overcast clouds
242,College,64.8569,-147.8028,43.29,78,40,4.61,US,scattered clouds
243,Abha,18.2164,42.5053,73.65,14,20,19.57,SA,few clouds
244,Celendin,-6.8703,-78.1517,72.12,45,100,7.87,PE,light rain
245,Canico,32.6333,-16.85,74.03,90,40,16.11,PT,scattered clouds
246,Luderitz,-26.6481,15.1594,55.76,79,87,0.63,NA,overcast clouds
247,Stromness,58.965,-3.296,55.36,84,21,24.0,GB,few clouds
248,Zambezi,-13.5432,23.1047,74.91,22,100,3.24,ZM,overcast clouds
249,Puerto Baquerizo Moreno,-0.9,-89.6,68.99,88,75,11.5,EC,broken clouds
250,Amudat,1.95,34.95,74.3,57,47,5.17,UG,scattered clouds
251,Sao Miguel Do Araguaia,-13.275,-50.1628,79.52,62,100,9.75,BR,overcast clouds
252,Chumikan,54.7183,135.315,46.99,94,100,24.43,RU,light rain
253,Coihaique,-45.5752,-72.0662,52.41,54,75,5.75,CL,broken clouds
254,Maarianhamina,60.0973,19.9348,49.86,100,0,2.3,AX,clear sky
255,Alyangula,-13.8483,136.4192,76.66,72,25,1.83,AU,scattered clouds
256,Vilhena,-12.7406,-60.1458,91.62,43,40,3.44,BR,scattered clouds
257,Athabasca,54.7169,-113.2854,59.41,28,90,14.63,CA,overcast clouds
258,Salinopolis,-0.6136,-47.3561,83.17,71,30,15.32,BR,scattered clouds
259,Doka,13.5167,35.7667,77.56,69,99,5.91,SD,overcast clouds
260,Phan Thiet,10.9333,108.1,76.96,87,100,8.3,VN,heavy intensity rain
261,San Policarpo,12.1791,125.5072,77.88,88,100,7.38,PH,overcast clouds
262,Caldwell,43.6629,-116.6874,76.98,32,0,4.61,US,clear sky
263,Ketchikan,55.3422,-131.6461,55.87,94,100,4.61,US,moderate rain
264,Shintomi,32.0785,131.4723,73.89,90,98,3.15,JP,overcast clouds
265,Kozulka,50.0351,23.797,53.13,82,100,7.56,UA,overcast clouds
266,Avera,33.194,-82.5271,85.51,36,12,8.12,US,few clouds
267,Canchungo,12.0672,-16.0333,82.53,89,100,5.88,GW,overcast clouds
268,Terra Santa,-2.1042,-56.4869,103.77,18,8,6.93,BR,clear sky
269,Caravelas,-17.7125,-39.2481,71.96,80,100,8.68,BR,overcast clouds
270,Malanville,11.8685,3.3899,83.75,63,6,1.12,BJ,clear sky
271,Conroe,30.3119,-95.456,94.93,48,0,0.0,US,clear sky
272,Amapa,1.0,-52.0,94.96,35,59,9.57,BR,broken clouds
273,Khovu-Aksy,51.1333,93.6,47.07,51,100,5.44,RU,overcast clouds
274,Kendari,-3.945,122.4989,72.32,92,94,1.88,ID,overcast clouds
275,Salalah,17.0151,54.0924,80.69,94,75,9.22,OM,broken clouds
276,Vagur,61.4732,-6.8119,45.84,75,17,39.93,FO,few clouds
277,Nyurba,63.2842,118.3319,27.19,96,98,6.67,RU,overcast clouds
278,Dingle,10.9995,122.6711,76.06,94,100,8.88,PH,overcast clouds
279,Sao Filipe,14.8961,-24.4956,78.67,74,100,9.64,CV,overcast clouds
280,Hervey Bay,-25.2986,152.8535,65.19,66,0,4.29,AU,clear sky
281,Waipawa,-41.4122,175.5153,43.05,83,98,6.69,NZ,overcast clouds
282,Sikonge,-5.6333,32.7667,78.94,33,83,8.23,TZ,broken clouds
283,Geraldton,-28.7667,114.6,46.81,93,0,6.91,AU,clear sky
284,Winkler,49.1817,-97.941,63.37,39,0,17.27,CA,clear sky
285,Am Timan,11.0297,20.2827,78.87,77,62,4.23,TD,broken clouds
286,Okhotsk,59.3833,143.3,38.08,64,100,7.63,RU,overcast clouds
287,Sobolevo,54.4299,31.8996,46.02,74,100,10.56,RU,overcast clouds
288,Kushmurun,52.4503,64.6311,73.0,32,100,16.6,KZ,overcast clouds
289,Turbat,26.0023,63.044,81.0,72,13,7.45,PK,few clouds
290,Soyo,-6.1349,12.3689,75.09,82,73,12.19,AO,broken clouds
291,Kapit,2.0167,112.9333,73.04,100,100,1.19,MY,light rain
292,Shimoda,34.6667,138.95,71.37,85,10,5.39,JP,clear sky
293,Paramonga,-10.6667,-77.8333,65.68,73,13,13.62,PE,few clouds
294,Kraskino,42.7114,130.7794,54.03,91,0,4.21,RU,clear sky
295,Utevka,52.9035,50.9495,50.7,87,100,6.89,RU,overcast clouds
296,Svetlogorsk,52.6333,29.7333,50.25,67,100,4.9,BY,overcast clouds
297,Solnechnyy,50.7214,136.6319,48.54,97,99,7.11,RU,overcast clouds
298,Kenai,60.5544,-151.2583,44.15,87,100,5.75,US,overcast clouds
299,Kibungo,-2.1597,30.5427,63.52,71,96,2.24,RW,overcast clouds
300,Pacific Grove,36.6177,-121.9166,61.43,92,100,3.44,US,mist
301,Dicabisagan,17.0818,122.4157,77.97,88,100,0.11,PH,light rain
302,Puerto Madryn,-42.7692,-65.0385,59.99,54,96,14.32,AR,overcast clouds
303,Salamanca,40.8333,-6.0,61.63,36,74,9.95,ES,broken clouds
304,Jumla,29.2747,82.1838,58.5,90,100,2.28,NP,overcast clouds
305,Shingu,33.7333,135.9833,73.26,93,84,3.78,JP,broken clouds
306,Saint-Georges,12.0564,-61.7485,87.48,74,40,17.27,GD,scattered clouds
307,Ambilobe,-13.2,49.05,71.02,63,1,6.42,MG,clear sky
308,Sitges,41.2351,1.8119,70.27,64,5,1.99,ES,clear sky
309,Ixtapa,20.7,-105.2,89.22,58,40,5.99,MX,scattered clouds
310,Sinjar,36.3209,41.8754,76.24,17,0,9.93,IQ,clear sky
311,Bom Jesus,-9.0744,-44.3586,93.9,29,86,5.95,BR,overcast clouds
312,Taoudenni,22.6783,-3.9836,103.55,10,100,2.35,ML,overcast clouds
313,Finschhafen,-6.6024,147.8681,77.97,81,26,4.65,PG,scattered clouds
314,Vanimo,-2.6741,141.3028,76.26,90,32,5.44,PG,scattered clouds
315,Sao Joao Da Barra,-21.6403,-41.0511,75.29,67,15,12.33,BR,few clouds
316,Praia Da Vitoria,38.7333,-27.0667,73.76,73,40,20.04,PT,scattered clouds
317,Auki,-8.7676,160.7034,75.38,86,14,2.53,SB,few clouds
318,Christchurch,-43.5333,172.6333,49.91,72,100,19.57,NZ,overcast clouds
319,Guider,9.9342,13.9486,79.05,71,17,2.91,CM,few clouds
320,Carballo,43.213,-8.691,63.01,79,0,8.97,ES,clear sky
321,Tessaoua,13.7574,7.9874,94.64,28,98,5.08,NE,overcast clouds
322,Tungor,53.3808,142.9564,43.74,87,100,4.79,RU,overcast clouds
323,Saldana,3.9292,-75.0152,91.72,40,98,3.53,CO,overcast clouds
324,Igrim,63.1906,64.4162,28.53,75,2,4.94,RU,clear sky
325,Clyde River,70.4692,-68.5914,44.83,65,0,10.36,CA,clear sky
326,Rapid Valley,44.0625,-103.1463,73.63,33,0,17.27,US,clear sky
327,Deputatskiy,69.3,139.9,19.44,98,100,3.8,RU,overcast clouds
328,Fukue,32.6881,128.8419,74.34,81,90,7.7,JP,overcast clouds
329,Cordoba,-31.4135,-64.1811,71.42,58,40,11.5,AR,scattered clouds
330,Negombo,7.2083,79.8358,80.65,89,40,6.91,LK,heavy intensity rain
331,Bengkulu,-3.8004,102.2655,74.35,90,98,3.67,ID,overcast clouds
332,Roros,62.5747,11.3842,44.44,76,0,14.97,NO,clear sky
333,Kruisfontein,-34.0033,24.7314,59.88,87,100,10.6,ZA,overcast clouds
334,Noumea,-22.2763,166.4572,67.98,85,0,4.72,NC,clear sky
335,Leningradskiy,69.3833,178.4167,31.44,96,100,7.31,RU,light snow
336,Mecca,21.4267,39.8261,91.78,39,3,2.46,SA,clear sky
337,Gossas,14.4912,-16.0642,89.62,82,100,10.51,SN,light rain
338,Sevenoaks,51.27,0.1928,57.33,57,0,6.91,GB,clear sky
339,Reyes,-14.3167,-67.3833,95.5,34,97,6.22,BO,overcast clouds
340,Tibati,6.4667,12.6333,68.49,91,78,2.53,CM,broken clouds
341,Olenino,56.2092,33.4889,41.85,98,100,6.71,RU,overcast clouds
342,Camacha,33.0833,-16.3333,69.22,60,20,11.5,PT,few clouds
343,Nome,64.5011,-165.4064,45.16,81,100,9.22,US,light rain
344,Chimbote,-9.0853,-78.5783,66.51,71,52,12.84,PE,broken clouds
345,Mogoytuy,51.2833,114.9167,34.84,48,94,4.41,RU,snow
346,Komsomolskiy,40.4272,71.7189,70.52,40,0,9.22,UZ,clear sky
347,Severnoye,56.3491,78.3619,30.51,93,99,7.29,RU,overcast clouds
348,Tezu,27.9167,96.1667,72.43,94,100,2.62,IN,overcast clouds
349,Bilibino,68.0546,166.4372,22.41,86,89,3.56,RU,overcast clouds
350,Muros,42.7762,-9.0603,64.09,68,0,16.35,ES,clear sky
351,Coquimbo,-29.9533,-71.3436,60.53,67,0,12.66,CL,clear sky
352,Ribeira Grande,38.5167,-28.7,72.0,83,40,17.27,PT,scattered clouds
353,Roma,43.2128,-75.4557,60.82,96,100,6.91,US,overcast clouds
354,Ulladulla,-35.35,150.4667,52.11,85,98,3.06,AU,overcast clouds
355,Jiangkou,25.4872,119.1986,74.48,77,50,13.47,CN,scattered clouds
356,Belyy Yar,53.6039,91.3903,48.85,93,0,0.0,RU,clear sky
357,Fort-Shevchenko,44.5086,50.263,67.59,48,0,17.58,KZ,clear sky
358,Hojai,26.0,92.8667,75.51,97,100,3.04,IN,overcast clouds
359,Southbridge,42.0751,-72.0334,68.31,76,100,3.0,US,light rain
360,Haines Junction,60.7522,-137.5108,44.55,76,100,3.44,CA,overcast clouds
361,Chateaubelair,13.2833,-61.25,84.72,74,40,5.75,VC,scattered clouds
362,Virpur,23.1833,73.4833,75.22,70,73,6.2,IN,broken clouds
363,Moose Factory,51.2585,-80.6094,68.0,52,75,9.22,CA,broken clouds
364,Alzamay,55.5562,98.6644,34.93,93,100,6.91,RU,overcast clouds
365,Biloela,-24.4167,150.5,59.22,64,0,3.8,AU,clear sky
366,Savalou,7.9281,1.9756,76.41,89,65,4.38,BJ,broken clouds
367,Angoche,-16.2325,39.9086,77.22,79,98,12.03,MZ,overcast clouds
368,Biloxi,30.396,-88.8853,91.4,49,0,8.05,US,clear sky
369,Eureka,40.8021,-124.1637,59.61,58,2,5.1,US,clear sky
370,Brejo Da Madre De Deus,-8.1458,-36.3711,78.15,56,11,17.11,BR,few clouds
371,Iguai,-14.7564,-40.0892,69.03,91,100,5.44,BR,overcast clouds
372,Santa Cruz De La Palma,28.6835,-17.7642,74.14,100,100,11.5,ES,light intensity drizzle
373,Berlevag,70.8578,29.0864,48.2,76,0,17.27,NO,clear sky
374,Acajutla,13.5928,-89.8275,82.13,82,78,7.56,SV,broken clouds
375,Constitucion,-35.3333,-72.4167,56.23,61,4,12.12,CL,clear sky
376,Sharan,54.8167,54.0,47.98,89,100,10.76,RU,overcast clouds
377,Campbeltown,55.4258,-5.6076,57.25,95,100,28.39,GB,overcast clouds
378,Rio Grande,-32.035,-52.0986,68.11,81,100,17.54,BR,light rain
379,Pangnirtung,66.1451,-65.7125,41.0,60,75,8.05,CA,broken clouds
380,Saint George,37.1041,-113.5841,83.79,20,0,3.44,US,clear sky
381,Kamenka,51.3223,42.7678,47.21,85,100,15.21,RU,overcast clouds
382,Tomatlan,19.9333,-105.25,90.55,57,14,5.73,MX,few clouds
383,Omboue,-1.5746,9.2618,76.95,84,100,10.78,GA,overcast clouds
384,Atar,20.5169,-13.0499,95.79,34,56,10.42,MR,broken clouds
385,Constantine,36.365,6.6147,65.61,77,75,8.05,DZ,light rain
386,Yumbe,3.4651,31.2469,66.67,85,5,3.51,UG,clear sky
387,Bulancak,40.9372,38.2291,64.22,72,20,8.05,TR,few clouds
388,Krasnozatonskiy,61.6758,50.9794,43.02,70,0,13.42,RU,clear sky
389,Slave Lake,55.2834,-114.769,53.58,71,100,3.44,CA,overcast clouds
390,Tevriz,57.509,72.4042,33.24,88,15,4.94,RU,few clouds
391,Iralaya,15.0,-83.2333,85.24,70,42,13.4,HN,scattered clouds
392,Bucerias,20.75,-105.3333,89.98,58,40,0.0,MX,scattered clouds
393,Luau,-10.7073,22.2247,80.19,29,100,3.98,AO,overcast clouds
394,Catalina,32.5056,-110.9211,93.09,24,23,7.0,US,few clouds
395,Ferrol,43.4832,-8.2369,63.12,73,0,12.12,ES,clear sky
396,Mae Ramat,16.984,98.5166,76.8,99,99,0.38,TH,overcast clouds
397,Aswan,24.0934,32.907,94.55,15,1,11.54,EG,clear sky
398,Lorengau,-2.0226,147.2712,81.64,71,71,10.31,PG,broken clouds
399,Cockburn Town,21.4612,-71.1419,83.01,79,54,17.02,TC,broken clouds
400,Broome,42.2506,-75.833,64.71,76,100,9.22,US,overcast clouds
401,Unguia,8.0434,-77.0945,89.62,67,98,3.4,CO,overcast clouds
402,Le Port,-20.9373,55.2919,69.8,76,0,3.98,RE,clear sky
403,Angoram,-4.0625,144.0661,72.01,99,41,2.64,PG,scattered clouds
404,Benghazi,32.1167,20.0667,75.54,64,0,16.04,LY,clear sky
405,Umm Lajj,25.0213,37.2685,90.5,42,45,6.64,SA,scattered clouds
406,Bantogon,6.5333,124.0333,78.39,77,100,2.51,PH,light rain
407,Poum,-20.2333,164.0167,75.49,79,1,13.47,NC,clear sky
408,Dong Hoi,17.4833,106.6,76.78,88,91,2.37,VN,overcast clouds
409,Richards Bay,-28.783,32.0377,74.95,66,4,7.7,ZA,clear sky
410,Pedro Juan Caballero,-22.5472,-55.7333,85.96,42,20,11.5,PY,few clouds
411,Grindavik,63.8424,-22.4338,48.15,66,20,14.97,IS,few clouds
412,Laguna,38.421,-121.4238,92.08,47,0,5.75,US,clear sky
413,Coos Bay,43.3665,-124.2179,68.94,88,0,4.61,US,clear sky
414,Superior,46.7208,-92.1041,67.69,56,75,18.41,US,broken clouds
415,Mount Vernon,40.9126,-73.8371,74.89,64,75,8.01,US,broken clouds
416,Srednekolymsk,67.45,153.6833,28.58,78,20,7.96,RU,few clouds
417,Hovd,48.0056,91.6419,53.47,38,6,3.74,MN,clear sky
418,Aleksandrov Gay,50.147,48.5704,51.75,74,100,17.58,RU,overcast clouds
419,Vardo,70.3705,31.1107,46.38,87,0,11.5,NO,clear sky
420,Catamarca,-28.4696,-65.7852,76.06,26,15,7.0,AR,few clouds
421,Wanning,18.8003,110.3967,75.72,90,22,6.62,CN,few clouds
422,Kawalu,-7.3817,108.2082,70.97,97,61,1.28,ID,broken clouds
423,Kodinsk,58.6881,99.1844,28.47,97,28,3.69,RU,scattered clouds
424,Rabo De Peixe,37.8,-25.5833,71.11,64,75,13.8,PT,broken clouds
425,Jinchang,38.4953,102.1739,60.46,26,32,3.6,CN,scattered clouds
426,Leshukonskoye,64.8989,45.7622,41.14,69,100,8.34,RU,overcast clouds
427,Saint-Francois,46.4154,3.9054,54.84,100,13,1.14,FR,few clouds
428,Mehamn,71.0357,27.8492,48.15,66,0,11.5,NO,clear sky
429,Riverton,40.5219,-111.9391,77.77,32,0,3.0,US,clear sky
430,Keffi,8.8486,7.8736,75.51,91,64,3.49,NG,broken clouds
431,Neuquen,-38.9516,-68.0591,66.09,22,0,6.91,AR,clear sky
432,Port Blair,11.6667,92.75,78.84,89,40,2.3,IN,mist
433,Kroya,-7.6331,109.2461,76.14,88,100,5.99,ID,overcast clouds
434,Nadapuram,11.7,75.6667,76.12,91,99,4.85,IN,overcast clouds
435,Livada,47.8667,23.1333,55.27,77,100,5.5,RO,overcast clouds
436,Kabanjahe,3.1001,98.4908,63.97,91,100,3.58,ID,moderate rain
437,Porbandar,21.6422,69.6093,81.14,68,84,6.02,IN,broken clouds
438,Porto Nacional,-10.7081,-48.4172,84.2,58,76,6.73,BR,light rain
439,Labuhan,-6.8844,112.2051,77.99,81,81,9.57,ID,broken clouds
440,Maragogi,-9.0122,-35.2225,78.33,72,2,10.94,BR,clear sky
441,Wasilla,61.5814,-149.4394,52.02,74,20,11.5,US,few clouds
442,Homer,59.6425,-151.5483,51.04,76,40,0.0,US,scattered clouds
443,Hastings,50.8552,0.5729,57.78,56,81,8.48,GB,broken clouds
444,Tiksi,71.6872,128.8694,33.94,81,70,23.13,RU,broken clouds
445,Grand Gaube,-20.0064,57.6608,72.0,71,0,3.0,MU,clear sky
446,Moree,-29.4667,149.85,50.31,75,67,3.22,AU,broken clouds
447,Stanger,-29.3282,31.2895,71.49,71,4,2.35,ZA,clear sky
448,Ambon,-3.6954,128.1814,77.14,88,40,4.61,ID,scattered clouds
449,Orapa,-21.2833,25.3667,78.53,23,5,6.53,BW,clear sky
450,Belaya Gora,68.5333,146.4167,26.46,85,13,7.56,RU,few clouds
451,Arlit,18.7369,7.3853,102.6,9,100,10.58,NE,overcast clouds
452,Milas,37.3164,27.7839,65.55,48,0,3.44,TR,clear sky
453,Aykhal,66.0,111.5,14.0,97,98,6.51,RU,overcast clouds
454,Conceicao Do Araguaia,-8.2578,-49.2647,80.47,64,100,6.78,BR,overcast clouds
455,Karratha,-20.7377,116.8463,73.92,28,1,10.2,AU,clear sky
456,Tottori,35.5,134.2333,64.89,65,95,4.97,JP,overcast clouds
457,Pendleton,45.6721,-118.7886,81.0,41,0,6.91,US,clear sky
458,Dakar,14.6937,-17.4441,86.13,74,20,4.61,SN,few clouds
459,Los Llanos De Aridane,28.6585,-17.9182,70.12,97,100,11.5,ES,light intensity drizzle
460,Wuxi,31.5689,120.2886,68.95,73,99,5.48,CN,overcast clouds
461,The Valley,18.217,-63.0578,87.82,70,20,12.66,AI,few clouds
462,Minsk,53.9,27.5667,49.75,75,100,5.41,BY,overcast clouds
463,Fukuma,33.7667,130.4667,72.28,74,100,4.25,JP,overcast clouds
464,Presidencia Roque Saenz Pena,-26.7852,-60.4388,88.03,16,0,7.14,AR,clear sky
465,Dhidhdhoo,6.8833,73.1,82.98,74,97,12.93,MV,overcast clouds
466,Kamaishi,39.2667,141.8833,63.66,83,100,3.74,JP,overcast clouds
467,Ilebo,-4.3167,20.5833,73.87,78,100,1.72,CD,overcast clouds
468,Muisne,0.6,-80.0333,77.56,76,99,13.33,EC,overcast clouds
469,Maceio,-9.6658,-35.7353,83.64,61,40,13.8,BR,scattered clouds
470,Baruun-Urt,46.6806,113.2792,40.15,61,67,4.27,MN,broken clouds
471,Mangrol,21.1167,70.1167,79.9,71,100,3.91,IN,overcast clouds
472,Antalaha,-14.9003,50.2788,67.95,85,53,7.92,MG,light rain
473,Butterworth,5.3991,100.3638,80.01,87,20,0.0,MY,few clouds
474,Fiche,9.8,38.7333,49.21,82,75,2.98,ET,broken clouds
475,Cerkezkoy,41.285,28.0003,55.58,67,0,5.75,TR,clear sky
476,Muskogee,35.5834,-95.3336,91.47,26,0,16.11,US,clear sky
477,Yerbogachen,61.2767,108.0108,23.29,99,99,2.62,RU,overcast clouds
478,Inhambane,-23.865,35.3833,73.38,94,20,18.41,MZ,few clouds
479,Port Lincoln,-34.7333,135.8667,54.19,83,70,13.56,AU,broken clouds
480,Kungurtug,50.5994,97.5228,43.93,55,100,1.74,RU,overcast clouds
481,Hambantota,6.1241,81.1185,77.34,100,40,5.75,LK,scattered clouds
482,Mbaiki,3.8678,17.9892,73.54,92,67,2.66,CF,light rain
483,Darhan,49.4867,105.9228,43.81,64,100,4.47,MN,overcast clouds
484,Dinghai,26.2847,119.7936,76.12,78,96,18.66,CN,overcast clouds
485,Russell,32.3502,-85.1999,87.91,45,0,5.75,US,clear sky
486,Talnakh,69.4865,88.3972,24.21,76,12,3.04,RU,few clouds
487,Mbandaka,0.0487,18.2603,74.52,79,91,3.51,CD,overcast clouds
488,Wajima,37.4,136.9,69.4,75,100,4.99,JP,overcast clouds
489,Cayenne,4.9333,-52.3333,89.64,58,0,18.41,GF,clear sky
490,Carauari,-4.8828,-66.8958,87.15,54,100,1.88,BR,overcast clouds
491,Saquarema,-22.92,-42.5103,73.54,70,44,14.85,BR,scattered clouds
492,Juan Lacaze,-34.4342,-57.4381,71.11,58,100,13.56,UY,overcast clouds
493,Ciudad Del Maiz,22.4,-99.6,81.03,44,11,4.36,MX,few clouds
494,Pouembout,-21.1333,164.9,69.6,91,1,2.59,NC,clear sky
495,Purpe,64.4803,76.6897,27.97,90,63,13.29,RU,broken clouds
496,Borogontsy,62.6683,131.1683,35.13,95,100,7.61,RU,overcast clouds
497,Galesong,-5.3166,119.3661,71.62,69,85,10.13,ID,overcast clouds
498,Santiago Del Estero,-27.7951,-64.2615,82.69,20,2,7.54,AR,clear sky
499,San Carlos,9.6612,-68.5827,82.58,82,90,4.41,VE,overcast clouds
500,Seminole,28.7086,-81.2081,89.87,66,100,8.05,US,overcast clouds
501,Ilulissat,69.2167,-51.1,37.42,56,75,4.61,GL,broken clouds
502,Sindor,62.8629,51.8905,35.76,73,12,9.93,RU,few clouds
503,Awjilah,29.1081,21.2869,82.22,41,3,9.66,LY,clear sky
504,Changde,29.0464,111.6783,66.0,81,81,2.28,CN,broken clouds
505,Ust-Barguzin,53.45,108.9833,34.74,97,89,3.27,RU,light snow
506,Peterhead,57.5058,-1.7981,58.5,76,89,18.59,GB,overcast clouds
507,Berdigestyakh,62.0989,126.6992,26.62,99,48,4.56,RU,scattered clouds
508,Bima,-8.4667,118.7167,75.2,94,100,4.74,ID,overcast clouds
509,Akyab,20.15,92.9,79.56,83,100,2.37,MM,light rain
510,Te Anau,-45.4167,167.7167,47.95,92,86,1.99,NZ,overcast clouds
511,Marystown,47.1666,-55.1483,57.85,100,92,8.01,CA,overcast clouds
512,Bismil,37.8486,40.6658,71.33,19,0,7.2,TR,clear sky
513,Donji Milanovac,44.4627,22.1523,63.7,47,100,2.89,RS,overcast clouds
514,Port Moresby,-9.4431,147.1797,74.62,100,20,9.22,PG,few clouds
515,Itarema,-2.9248,-39.9167,82.56,64,70,20.09,BR,broken clouds
516,Puerto Del Rosario,28.5004,-13.8627,69.55,94,75,16.11,ES,broken clouds
517,Palafrugell,41.9174,3.1631,67.42,38,93,11.03,ES,overcast clouds
518,Desaguadero,-16.5656,-69.0417,59.18,20,86,18.45,PE,overcast clouds
519,Matay,28.419,30.7792,91.9,23,0,11.99,EG,clear sky
520,Cervo,43.6702,-7.4101,61.97,74,22,11.27,ES,few clouds
521,Chernyshevskiy,63.0128,112.4714,25.99,78,28,2.82,RU,scattered clouds
522,Hoi An,15.8794,108.335,76.96,88,98,6.42,VN,overcast clouds
523,Chihuahua,28.5,-106.0,81.19,23,0,9.17,MX,clear sky
524,Kisangani,0.5167,25.2,71.76,90,27,3.15,CD,scattered clouds
525,Korla,41.7597,86.1469,70.83,33,28,5.01,CN,scattered clouds
526,Najran,17.4924,44.1277,83.05,19,7,5.66,SA,clear sky
527,Prince Rupert,54.3161,-130.3201,57.29,100,100,19.57,CA,light rain
528,Shelby,35.2001,-89.8668,92.79,57,20,8.05,US,few clouds
529,Yima,34.7381,111.8839,62.26,53,96,1.52,CN,overcast clouds
530,Miyako,39.6367,141.9525,61.57,83,100,3.98,JP,overcast clouds
531,Koshurnikovo,54.1667,93.3,39.43,99,100,2.86,RU,light rain
532,Mount Isa,-20.7333,139.5,55.17,50,0,0.0,AU,clear sky
533,Gravelbourg,49.8834,-106.5512,61.07,20,63,9.4,CA,broken clouds
534,Morondava,-20.2833,44.2833,74.16,84,0,9.13,MG,clear sky
535,Rundu,-17.9333,19.7667,80.37,19,90,5.97,NA,overcast clouds
536,Derzhavinsk,51.1,66.3167,73.9,23,100,11.54,KZ,overcast clouds
537,Umea,63.8284,20.2597,51.73,87,0,3.44,SE,clear sky
538,Imbituba,-28.24,-48.6703,62.51,80,100,15.79,BR,light rain
539,Jining,35.405,116.5814,57.07,64,0,4.03,CN,clear sky
540,Colac,-38.3333,143.5833,50.16,96,100,2.28,AU,light rain
541,Warrington,53.3925,-2.5802,56.79,76,75,14.97,GB,broken clouds
542,Maltahohe,-24.8333,16.9833,65.01,17,72,17.34,NA,broken clouds
543,Takoradi,4.8845,-1.7554,75.96,90,87,10.29,GH,overcast clouds
544,Ucluelet,48.9329,-125.5528,62.1,88,52,4.0,CA,broken clouds
545,Kuminskiy,58.6667,66.5667,35.83,74,17,8.48,RU,few clouds
546,Kirensk,57.7853,108.1119,29.05,92,19,2.42,RU,few clouds
547,Kushima,31.4583,131.2333,74.14,92,47,3.42,JP,scattered clouds
548,Ankang,32.68,109.0172,59.85,85,7,0.67,CN,clear sky
549,Barstow,34.8986,-117.0228,93.16,22,0,2.8,US,clear sky
550,Coahuayana,18.7333,-103.6833,89.24,64,22,6.11,MX,few clouds
551,Byron Bay,-28.65,153.6167,58.95,91,31,3.78,AU,scattered clouds
552,Nishihara,26.1842,127.7558,78.46,97,100,4.61,JP,overcast clouds
553,Husavik,66.0449,-17.3389,39.25,59,94,32.73,IS,overcast clouds
554,Birjand,32.8663,59.2211,66.67,9,0,4.61,IR,clear sky
555,Sulina,45.1559,29.6536,64.18,67,49,14.07,RO,scattered clouds
556,Andapa,-14.65,49.65,60.01,98,18,2.3,MG,few clouds
557,Erenhot,43.6475,111.9767,58.32,40,8,4.59,CN,clear sky
558,Sterling,39.0062,-77.4286,80.17,69,75,14.0,US,broken clouds
559,Kyabram,-36.3167,145.05,52.88,73,100,7.16,AU,moderate rain
560,Saint-Pierre,-21.3393,55.4781,69.48,68,0,9.22,RE,clear sky
561,Hokitika,-42.7167,170.9667,52.63,85,100,3.49,NZ,overcast clouds
562,Obidos,-1.9175,-55.5181,99.07,25,98,6.71,BR,overcast clouds
563,Nagato,34.3833,131.2,69.73,76,97,2.68,JP,overcast clouds
564,Chaman,30.9236,66.4512,73.35,13,0,1.61,PK,clear sky
565,Kalmunai,7.4167,81.8167,82.29,69,100,1.92,LK,overcast clouds
566,Clarence Town,-32.5833,151.7833,54.86,92,79,2.91,AU,broken clouds
567,Kisiwani,-4.1333,37.95,69.94,86,72,4.61,TZ,broken clouds
568,Massaguet,12.4755,15.4365,89.04,48,63,3.87,TD,broken clouds
569,Vyazemskiy,47.5378,134.7525,50.13,83,0,6.53,RU,clear sky
570,Bonthe,7.5264,-12.505,76.06,87,70,6.55,SL,broken clouds
571,Bukachacha,52.9833,116.9167,24.67,95,99,1.39,RU,overcast clouds
572,Nalut,30.3333,10.85,83.55,27,11,9.82,LY,few clouds
573,Luanda,-8.8368,13.2343,71.6,87,100,14.14,AO,overcast clouds
574,Bubaque,11.2833,-15.8333,79.47,78,100,13.65,GW,overcast clouds
575,Iquitos,-3.7481,-73.2472,93.24,55,40,4.61,PE,scattered clouds
576,Punta Alta,-38.8759,-62.0736,61.65,72,100,5.84,AR,overcast clouds
577,Alofi,-19.0595,-169.9187,73.29,100,100,4.61,NU,overcast clouds
578,Sungairaya,0.7,108.9,78.6,84,100,2.98,ID,moderate rain
579,Jalu,29.0331,21.5482,82.83,41,5,9.01,LY,clear sky
580,Astoria,46.1879,-123.8313,70.43,75,0,7.0,US,clear sky
581,Nichinan,31.6,131.3667,75.29,88,31,2.84,JP,scattered clouds
582,Necochea,-38.5473,-58.7368,57.9,69,100,13.24,AR,overcast clouds
583,Burgeo,47.6167,-57.6152,55.69,70,100,21.7,CA,overcast clouds
584,Pergamino,-33.89,-60.5736,70.18,30,91,8.41,AR,overcast clouds
585,Sergeyevka,53.88,67.4158,54.57,67,100,16.8,KZ,overcast clouds
586,Marathon,44.9,-89.7668,63.09,76,100,11.5,US,overcast clouds
587,Walvis Bay,-22.9575,14.5053,58.15,77,64,8.05,NA,broken clouds
588,San Carlos De Bariloche,-41.1456,-71.3082,53.02,49,25,10.25,AR,scattered clouds
589,Flin Flon,54.7682,-101.865,51.64,43,20,12.66,CA,few clouds
590,Sioux Lookout,50.1001,-91.917,55.47,76,100,16.11,CA,light intensity shower rain
591,Roblin,51.23,-101.3565,61.61,32,10,19.44,CA,clear sky
592,Mabaruma,8.2,-59.7833,82.4,89,75,0.0,GY,broken clouds
593,Presidente Medici,-11.1753,-61.9014,99.14,28,61,4.92,BR,broken clouds
594,Xiamen,24.4798,118.0819,79.25,57,0,6.71,CN,clear sky
595,Warrnambool,-38.3833,142.4833,51.48,96,100,6.15,AU,moderate rain
596,Keningau,5.3378,116.1602,70.92,94,100,1.68,MY,overcast clouds
597,Lakes Entrance,-37.8811,147.981,43.16,81,100,4.65,AU,light rain
598,Bonavista,48.6499,-53.1147,56.55,69,100,21.61,CA,overcast clouds
599,Oum Hadjer,13.2954,19.6966,90.52,35,5,3.56,TD,clear sky
600,Tokmak,47.2514,35.7058,58.82,44,100,6.71,UA,overcast clouds
601,Arzgir,45.3728,44.2206,56.84,56,1,9.89,RU,clear sky
602,Pundaguitan,6.3711,126.1689,83.07,72,100,6.44,PH,overcast clouds
603,Uray,60.1247,64.7758,33.28,71,3,9.04,RU,clear sky
604,Grande Prairie,55.1667,-118.8027,60.98,59,75,3.44,CA,broken clouds
605,Vestmanna,62.1564,-7.1664,43.72,76,75,27.63,FO,light rain
606,San Cristobal,7.7669,-72.225,84.38,47,100,7.4,VE,overcast clouds
607,Naze,28.3667,129.4833,77.92,81,15,7.76,JP,few clouds
608,Mujiayingzi,42.1167,118.7833,54.37,49,2,1.61,CN,clear sky
609,Adre,13.4667,22.2,79.65,48,100,9.42,TD,overcast clouds
610,Antofagasta,-23.65,-70.4,61.88,68,35,12.21,CL,scattered clouds
611,Stepnyak,52.8339,70.7803,58.51,65,100,11.61,KZ,overcast clouds
612,Ivanteyevka,55.9711,37.9208,46.06,92,100,1.79,RU,overcast clouds
613,Urumqi,43.801,87.6005,72.55,29,0,2.24,CN,clear sky
614,Bowen,-20.0167,148.2333,72.95,72,0,9.15,AU,clear sky
615,Nuuk,64.1835,-51.7216,41.61,75,75,13.8,GL,light rain
616,Schoneiche,52.4667,13.6833,59.05,82,20,8.05,DE,few clouds
617,Panuco,22.05,-98.1667,89.78,58,18,2.62,MX,few clouds
618,Westport,41.1415,-73.3579,74.26,67,75,12.66,US,broken clouds
619,Kangaatsiaq,68.3065,-53.4641,36.5,64,100,19.77,GL,overcast clouds
620,Praya,14.9215,-23.5087,82.94,65,20,16.11,CV,few clouds
621,Itupeva,-23.1531,-47.0578,83.93,34,0,6.91,BR,clear sky
622,Abapo,-18.8333,-63.4667,90.73,28,98,4.47,BO,overcast clouds
623,Dullewala,31.8359,71.4362,81.57,61,0,18.45,PK,clear sky
624,Dawlatabad,36.4141,64.9053,71.56,18,0,1.57,AF,clear sky
625,Sur,22.5667,59.5289,84.51,65,5,12.75,OM,clear sky
626,Fare,-16.7,-151.0167,77.59,77,80,22.03,PF,light rain
627,Portland,45.5234,-122.6762,81.0,54,0,4.61,US,clear sky
628,Jiangyou,31.7667,104.7167,64.17,93,94,0.65,CN,overcast clouds
629,Puri,19.8,85.85,79.32,76,100,3.83,IN,overcast clouds
630,Kieta,-6.2167,155.6333,77.76,81,58,0.92,PG,broken clouds
631,Margherita,27.2833,95.6833,72.09,97,100,1.63,IN,overcast clouds
632,Edea,3.8,10.1333,73.99,97,100,1.92,CM,overcast clouds
633,Koumac,-20.5667,164.2833,72.43,86,3,8.68,NC,clear sky
634,Kagoro,9.6,8.3833,72.01,82,99,2.62,NG,light rain
635,Basoko,1.2391,23.616,74.44,82,34,2.53,CD,scattered clouds
636,Gobabis,-22.45,18.9667,76.51,23,76,9.08,NA,broken clouds
637,Nkhotakota,-12.9274,34.2961,74.62,59,1,1.63,MW,clear sky
638,Snejbjerg,56.1387,8.899,51.51,74,100,6.24,DK,overcast clouds
639,Tekeli,44.83,78.8239,60.1,45,0,7.9,KZ,clear sky
640,Valparaiso,-33.0393,-71.6273,66.43,79,40,10.36,CL,scattered clouds
641,Sehithwa,-20.4667,22.7167,78.82,18,5,5.84,BW,clear sky
642,Tisul,55.7611,88.3122,39.27,97,100,9.26,RU,light rain
643,Riviere-Au-Renard,48.9957,-64.3971,64.69,58,5,13.42,CA,clear sky
644,Novoilinsk,51.6829,108.7143,37.17,96,100,3.27,RU,overcast clouds
645,Sao Gabriel Da Cachoeira,-0.1303,-67.0892,87.76,59,100,2.04,BR,overcast clouds
646,Escanaba,45.7453,-87.0646,61.95,64,100,5.75,US,overcast clouds
647,Santander,43.4647,-3.8044,59.47,90,75,5.75,ES,broken clouds
648,Marechal Deodoro,-9.7103,-35.895,83.61,64,10,9.66,BR,clear sky
649,Green River,41.5286,-109.4662,72.19,30,0,1.99,US,clear sky
650,Turayf,31.6725,38.6637,80.85,36,0,6.91,SA,clear sky
651,Sorland,67.667,12.6934,53.46,73,100,17.92,NO,overcast clouds
652,Khorixas,-20.3667,14.9667,62.04,35,12,10.8,NA,few clouds
653,Aksu,41.1231,80.2644,70.54,34,1,2.82,CN,clear sky
654,Magadan,59.5667,150.8,40.53,56,100,7.11,RU,overcast clouds
655,Samoded,63.6083,40.5111,42.69,95,100,6.13,RU,overcast clouds
656,Shiyan,32.6475,110.7781,60.82,63,15,3.56,CN,few clouds
657,Neryungri,56.6709,124.6491,29.43,89,100,6.8,RU,overcast clouds
658,Hukuntsi,-24.0,21.75,78.62,18,5,12.3,BW,clear sky
659,Wewak,-3.5534,143.6268,78.8,83,28,6.62,PG,scattered clouds
660,Guymon,36.6828,-101.4816,77.0,25,0,12.66,US,clear sky
661,Bin Qirdan,33.1378,11.2197,80.17,51,65,15.95,TN,broken clouds
662,Maniwaki,46.3834,-75.966,62.15,55,100,2.3,CA,overcast clouds
663,Greeley,40.4233,-104.7091,73.0,42,22,1.99,US,few clouds
664,Matara,5.9485,80.5353,79.75,84,100,11.07,LK,overcast clouds
665,Khandyga,62.6667,135.6,38.01,92,100,4.68,RU,light rain
666,Fethiye,36.6217,29.1164,69.67,52,0,3.85,TR,clear sky
667,Katsuura,35.1333,140.3,69.82,83,44,7.96,JP,scattered clouds
668,Zarubino,42.63,131.0922,56.64,88,0,6.24,RU,clear sky
669,Cap Malheureux,-19.9842,57.6142,70.47,71,0,3.0,MU,clear sky
670,Katangli,51.7102,143.2326,42.19,92,9,6.29,RU,clear sky
671,Talara,-4.5772,-81.2719,70.56,68,0,20.71,PE,clear sky
672,Vila Velha,-20.3297,-40.2925,73.35,82,100,9.22,BR,overcast clouds
673,Pauini,-7.7136,-66.9764,98.67,29,99,2.8,BR,overcast clouds
674,Zemio,5.0314,25.1361,72.45,90,97,3.53,CF,overcast clouds
675,Betsiamites,48.9413,-68.646,61.2,66,57,10.96,CA,broken clouds
676,Samarai,-10.6167,150.6667,80.38,83,97,11.1,PG,overcast clouds
677,Phulji,26.8825,67.6807,86.81,51,9,9.13,PK,clear sky
678,Floro,61.5996,5.0328,51.96,87,75,26.46,NO,moderate rain
679,Dumalinao,7.8191,123.3694,72.84,93,100,1.81,PH,overcast clouds
